Satou Syuuichi,46
Nomoto Syuuji,43
Yoshida Daisuke,16,50
Yoshimura Takashi,31
Kanno Noriko,34
Ono Toshie,25
Suzuki Shin,49
Nakamura Eisuke,4
Nozawa Hiroshi,71
Akiho Kouki,19
Yamamoto Hiroyuki,40
Oofusa Takayuki,10,50
Mouri Yuu,43
Sanpei Satoshi,92
Tanno Hiroko,75
Wakamatsu Kaoru,87
Ueda Kozue,62
Yamada Hiroyuki,25
Konishi Daisuke,58
Kawano Jyun,54
Tanji Syuu,54
Amano Hiroto,64
Yokoi Satomi,17,50
Uehira Hajime,63
Kawakami Kazuya,78
Suzuki Kiichi,96
Tsumura Yoshiaki,4
Andou Takafumi,72
Tonoike Syunsuke,87
Hoshi Akira,56
Kotani Haruna,27
Ogura Shingo,30
Takano Hiroyuki,64
Misoo Akira,21,50
Kahara Yuusuke,79
Suzuki Jyunko,99
Kashimura Takashi,20
Nagai Yasuharu,8
Kunieda Yuusuke,39
Matsumoto Syougo,64
Satou Mariko,29
Akashi Satoshi,36
Murakoshi Takeshi,1
Yamauchi Yukio,92
Harada Terumasa,46
Kawai Takuya,52
Ogiwara Takayuki,87
Aogaki Toshihide,72
Yamaki Naoki,52
Oonishi Kazuya,10
Hashimoto Yutaka,20
Maruyama Masayuki,85
Yamada Noriaki,31
Matsuo Makoto,71
Matsumura Naohiro,30
Suzuki Yoshiteru,57
Nishino Masaru,77
Misyou Asami,81
Takezawa Hayato,63
Katou Yoshiki,4
Kobayashi Mamoru,77
Fujita Keita,43
Fujii Yuuichi,15
Kaida Yuuki,62
Suzuki Satoshi,15,50
Kanazawa Miki,11
Hasegawa Hiroyuki,43
Noguchi Takahito,77
Satake Nao,82
Yoshikawa Yasutaka,2,30
Kumagai Ryouei,7
Kobayashi Hajime,78
Kinuwaki Syunichi,98
Watanabe Taichi,38
Sasaki Hiroaki,48
Akutsu Takeshi,91
Inukai Nobuhiko,83
Oikawa Yoshio,59
Sakai Hiroshi,46
Yamamoto Yoshiko,9
Suzuki Yuuki,34
Itou Nobuhiro,93
Katori Yutaka,47
Sekine Koujirou,2,30
Kamoshita Kenji,67
Tsuji Masato,84
Susa Satoshi,47
Watanabe Takehiro,25
Takanashi Hiroshi,22
Fujitsu Masahiro,27
Saitou Katsutaka,99
Saimura Jyunichi,87
Suzuki Dai,43
Kamihira Takayuki,71
Takakuwa Yuko,1
Komatsu Shinji,66
Saitou Shinichi,87
Kushida Kiyotaka,67
Endou Kenjyu,66
Chikage Kumi,86
Fujita Yuuta,95
Harada Syoutarou,34
Itou Shinya,99
Mori Youko,29
Masuko Yuusuke,65
Sekiba Masato,67
Onose Ayumu,59
Katsumata Takanori,5
Takano Tatsuya,58
Sudou Masatsugu,45
Inaguma Yuri,18
Matsuzaki Hiromichi,70
Satou Tatsurou,81
Ishimoto Yu,1
Minabe Noriko,87
Umehara Daisuke,18
Inoue Hiroshi,90
Tobe Naoto,20
Midorikawa Toshikatsu,78
Yasuda Kazuya,55
Koumura Menyuu,37
Uchida Kouhei,0,10
Souno Jyun,25,50
Nakajima Takao,82
Monoi Ichirou,26
Nishitani Eiji,42
Iwazaki Yoshie,4
Nagao Wataru,10
Onodera Takeru,21
Hosoi Hiroki,64
Sekine Kenta,42
Munakata Satoru,25
Oose Kazuyo,27
Watabe Shinichi,34
Endou Takako,13
Kobayashi Kenta,11
Tashima Naoko,49
Yoshida Mami,98
Yunoue Hiromi,90
Sugano Hiroyuki,74
Suzuki Yuusuke,33
Kuroiwa Hiroshi,80
Takeichi Satoshi,89
Sugano Syouhei,24
Yoshida Tsuyoshi,17
Nojima Yoshihiro,65
Ooshima Shinichirou,68
Kondou Tatsuya,35
Watabe Yuuki,19
Hattori Daisuke,67
Hasobe Akiyoshi,92
Kimura Osamu,15
Fujita Kyouko,42
Horiki Hiroyuki,41
Danno Ryuusuke,29
Inage Koushirou,72
Araki Kaori,44
Moritani Tomoko,46
Higashine Yuuko,12
Sakuma Tatsuya,0,40
Muraoka Dai,67
Yamazaki Takenori,33
Nakamura Makiko,20
Nitami Ayako,15
Nitta Midori,50
Terunuma Tatsuji,49
Haneda Hitoshi,79
Eguchi Yasuharu,44
Kumata Suguru,11
Satou Tatsuya,71
Okidono Jyunichi,77
Inagaki Tadashi,35
Nihei Yousuke,80
Nagayama Hideaki,98
Oohashi Daichi,69
Oohashi Atsushi,51
Hanata Masashi,53
Shigihara YASUYUKI,40
Maruta Kazuya,59
Yoshioka Yoshimasa,49
Tanno Yasue,70
Abe Asuka,48
Kanno Yuuki,4
Akatsu Yuu,42
Ebana Yuuji,43
Seijyou Nobue,48
Matsuoka Takayoshi,31
Koshiyama Makoto,58
Katou Takeru,1
Ono Takahiko,5
Kajitani Sakae,15
Oozeki Chihiro,37
Ookoshi Atsushi,2
Kawano Naoko,44
Suwa Tsukasa,70
Kitami Atsushi,97
Kon Takuya,32
Kusanagi Ken,46
Yamaki Mitsuhiro,58
Endou Chisato,8
Nakase Masashi,6
Ishihara Masahiro,97
Kawamura Youhei,71
Shinbo Miho,4
Iwata Miho,85
Yamagata Hiroko,74
Oota Kazuya,99
Henmi Kazunori,17
Omoto Yuki,82
Satou Ryou,50
Sasaki Yutaka,85
Suenaga Shinya,5
Watanabe Akira,72
Ishida Kazumi,65
Tamura Ayumi,80
Tou Kazumi,22
Tashiro Masakazu,64
Takahashi Yuusuke,93
Higashida Takashi,66
Takamoto Yuu,11
Nishikawa Ryou,57
Nakamura Syuuichirou,69
Satou Jyun,69
Aoki Takashi,37
Katayama Tomoyasu,70
Monma Masayo,91
Nanba Toshihide,6
Yamamoto Noriyoshi,56
Sugiyama Katsuyuki,6
Hashimoto Kayo,85
Kunisawa Syuu,30
Kuroda Masahiro,42
Rikiishi Takanori,13
Kurita Tetsuya,90
Oozeki Hiroyuki,25
Cyuubachi Tomonori,6
Matsuguma Atsushi,5
Kawai Hiroaki,74
Hamada Ryousuke,26
Kawaguchi Akira,79
Hamada Syun,19
Watanabe Seiko,78
Matsumoto Yoshirou,28
Matsuura Akira,99
Tanaka Jyunichirou,48
Muromoto Mika,52
Kamiguchi Hironao,95
Suzuki Masahiko,38
Endou Naoto,86
Katou Naoya,18
Inooka Masanori,76
Minato Tooru,77
Fujita Tomohiro,83
Yaguchi Yuusuke,99
Tsuduki Satoru,37
Saitou Kazuhiro,39
Niitsuma Kazuyuki,84
Mayuzumi Masaaki,54
Suzuki Jyunpei,52
Seino Natsuki,85
